{
  "name": "BRAM Offshore - Controle de Pedidos",
  "short_name": "BRAM Pedidos",
  "description": "Sistema de controle de pedidos BRAM Offshore",
  "start_url": "./app.html",
  "display": "standalone",
  "background_color": "#001529",
  "theme_color": "#001529",
  "orientation": "portrait-primary",
  "icons": [
    {
      "src": "icon-192.png",
      "sizes": "192x192",
      "type": "image/png",
      "purpose": "any maskable"
    },
    {
      "src": "icon-512.png",
      "sizes": "512x512",
      "type": "image/png",
      "purpose": "any maskable"
    }
  ],
  "categories": ["business", "productivity"],
  "scope": "./",
  "lang": "pt-BR"
}
